Username,Tweet,Negative Count,Positive Count,Label
BonekGL,@islah_bahrawi @ganjarpranowo @aniesbaswedan lho...itu yg jadi tukang sotreknya king salmon,0,0,netral
Ganjaran_app,"Semoga perjalanan Pak Ganjar ke Tanah Suci berjalan lancar, doa serta dukungan dari semua pihak dpt memberinya kekuatan dan keberkahan dlm menjalankan ibadah haji.

#iduladha #iduladha2023 #GanjaranApp #ganjarpranowo #ganjarforpresiden2024 #ganjarpresiden2024 #GanjarPranowo2024 https://t.co/teCamphH8x",0,4,positif
LantaiAtas09,@NasDem @aniesbaswedan @ganjarpranowo Adem liat Pak Anies ngalah foto berdiri karena gak tega yg satu udh lansia dan ubanan ...,2,0,negatif
ramawleooo,@Prashad_Aryana @thisoldpain @yvxen @chaewonterbang @sosmedkeras @ganjarpranowo,0,0,netral
HasanToha3,@deny01184907 @DokterTifa @jokowi @aniesbaswedan Orang bodoh mana bisa berkata kata.,1,1,netral
Anang_ssanto,@ch_chotimah2 @ganjarpranowo Strategi menagemen...semakin banyak iklan semakin laku jualannya,0,1,positif
FashionIin,"@S4N_W1B1 @ganjarpranowo Dalam video ini...
Nama AB disebut 77x",0,0,netral
NatalyaCro25747,"Pidato, ide, pikiran dan gagasannya sering wara-wiri di media cetak, televisi dan internet, #PrabowoNeruskePakdhe Prabowo Subianto #PrabowoMenjagaKerukunan",0,0,netral
Harumiii_kn,"â€œPak Jokowi makan siang tuh dengan Pak Prabowo dan Pak Jokowi mengakui dia membahas politik,"" #PrabowoNeruskePakdhe Prabowo Subianto",0,1,positif
brendskienavarr,"""Programnya tahun ini kalau tidak salah 22 tempat, 22 pemuda pemudi Palestina yang akan diseleksi oleh Palestina dengan Unhan di bidang kedokteran, farmasi, teknik dan MIPA, #PrabowoNeruskePakdhe Prabowo Subianto",2,1,negatif
InaWina14,@GobezMia @amir_fariki @aniesbaswedan @PDI_Perjuangan Yang tolol elu,1,0,negatif
buya_pree,@Munir_Timur @ganjarpranowo See you too,0,0,netral
FashionIin,@WAHYU_UNIFORM @S4N_W1B1 @ganjarpranowo Dalam video tsb Nama AB disebut 77x,0,0,netral
bpt_pwd,"Hallo #sahabatjalancantik 
Pekerjaan Pemeliharaan Rutin Jalan dan Jembatan 
Balai Pengelolaan Jalan Wilayah Purwodadi.
#JatengLawanCorona
#bersamalawancorona
@ganjarpranowo

@TajYasinMZ

@provjateng

@dprdjatengprov

@humasjateng

@dpubmckjateng https://t.co/NPWMBWhEMT",0,0,netral
MuhamadHaf10892,"@nulbesars @Nurmantyo_Gatot @aniesbaswedan Kapan Pak DR.ANIES ROSIED  BASWEDAN,mengumumkan nya,kalau wakilnya Bapak Jendral GATOT NURMA TIYO ?",0,0,netral
brendskienavarr,"""Hal ini adalah bantuan konkret untuk mempersiapkan masa depan bangsa Palestina. Kami percaya bahwa pada akhirnya rakyat Palestina akan meraih tujuan-tujuannya,"" kata Prabowo. #PrabowoNeruskePakdhe Prabowo Subianto",0,6,positif
SahabatCel,"@AmMuliadi @DokterTifa @jokowi @aniesbaswedan Hehehehe jgan gt lah bong, gitu2 Anies it pernah jdi Tim Sukses junjungan elooe. ğŸ¤—ğŸ¤—ğŸ¤—",0,1,positif
AdhiZulkarnaen,"@tohir_extrem @AsamDaun @musniumar @ekowboy2 @Mdy_Asmara1701 @tatakujiyati @aniesindo @aniesbaswedan MANTAB, ini br cebong militan, dg nasi lengkuas aj dah bs lari kenceng, cm gak bs belok n nengok (kek babi) maen tabrak.
Setuju gw bong.. klo ini, org kutub kan bong,? https://t.co/jxjk5r3bFu",2,1,negatif
Harumiii_kn,"Sementara dari Erick Thohir sendiri, lanjut Igor, kepercayaan Presiden Jokowi kepada menteri BUMN itu sulit dibantahkan. Â #PrabowoNeruskePakdhe Prabowo Subianto",1,1,netral
21KSSHINERICH,"@EdiArif96983478 @ganjarpranowo @newIding30 @OmpungGuru @ch_chotimah2 @FirzaHusainID @SokaJati @_Dauph1ne_ @sami86pilang For RI 1 ğŸ‘‰ğŸ» 2024â˜ğŸ»ğŸ˜
Iyesss ğŸ’ªğŸ»ğŸ¤©ğŸ¤˜ğŸ»ğŸš€ğŸš€ğŸš€",0,0,netral
prabowomenyapa8,"Indonesia Kuat, Indonesia Bersih, Indonesia Mandiri. #KitaPrabowo #Prabowo #PrabowoSubianto https://t.co/CYynjoffH2",0,0,netral
harrispradana_,Awalnya Prabowo hendak pamit usai memberikan sambutan di harlah PPMI. #PrabowoNeruskePakdhe Prabowo Subianto,0,0,netral
aro_6ansi,@ganjarpranowo ğŸ¤ªğŸ¤ª https://t.co/JwSTVNjSlh,0,0,netral
JIs3nk,"@Yadikur226688 @musniumar Dukung Pak @aniesbaswedan for President RI 2024  H  ! 
Semoga kita selalu sehat... 
Aamiin",0,2,positif
fahaum1,@DokterTifa @jokowi @aniesbaswedan Kalo masa depan terancam semua akan dilakukan biar aman dan tenang #banyakMasalah,1,2,positif
ParksNatha6733,"Sebagai orang yang paling sering mengikuti eventÂ pemilu di Indonesia, Prabowo menjadi orang yang sering disalah artikan. #PrabowoNeruskePakdhe Prabowo Subianto #PrabowoMenjagaKerukunan",0,0,netral
raja_pasar,@NasDem @aniesbaswedan @adityawilly Ini jenis guru kencing berlari muridnya ngetawain dia gila,1,0,negatif
Harumiii_kn,"Mulai dari pra kemerdekaan dan pasca kemerdekaan, reformasi dan seterusnya, pasti yang menjadi penggerak di semua lini adalah organisasi mahasiswa. Â #PrabowoNeruskePakdhe Prabowo Subianto",0,1,positif
harrispradana_,"Pada kesempatan itu, Gibran dan Prabowo Subianto beberapa kali terlihat saling berbincang. #PrabowoNeruskePakdhe Prabowo Subianto",0,1,positif
Harumiii_kn,"Igor melihat adanya chemistry antara Prabowo dan Erick Thohir. Sebab, keduanya merupakan tokoh yang mencintai olahraga, khususnya sepakbola. Â #PrabowoNeruskePakdhe Prabowo Subianto",0,0,netral
FresintoT,"Sebagai contoh Prabowo memisalkan konflik Ukraina- Rusia yang terjadi diawal 2022 telah merusak rantai pasokan global, menciptakan kemiskinan dan kelaparan di tingkat global.Â #PrabowoNeruskePakdhe Prabowo Subianto #PrabowoMenjagaKerukunan",4,0,negatif
AndreGa78981078,"@DokterTifa @jokowi @aniesbaswedan Bunda Dokter yg pintar cerdas tahu, Dukung jokowi Jadi RI 1,dikasih jabatan menteri diduga Korupsi tidak punya prestasi ya dipecat ,Jadi gubernur yg akan menghancurkan NKRI dg julan ayat mayat agama Umat,jadi Cpres pembohong pakai politik indentitas antitesa Jokowi ada yg salah,",8,5,negatif
Vigriawan_van,"@S4N_W1B1 @ganjarpranowo Bisa jadi... 
duitnya buat gerilnya nganes

ğŸ˜‚âœï¸ğŸ˜‚âœï¸",0,1,positif
fachriman13,"Baik di bidang kedokteran, farmasi, teknik dan MIPA, teknik sipil dan sebagainya,"" ujarnya.  #PrabowoNeruskePakdhe Prabowo Subianto",0,1,positif
DwiYatmo1698057,@De_Madha @DokterTifa @jokowi @aniesbaswedan Ooh gitu ya ğ—±ğ—¿ğ˜‚ğ˜‚ğ—»..!?!?!? â¬‡ï¸ https://t.co/2AmPrmOZr6,0,0,netral
bpt_pwd,"Hallo #sahabatjalancantik 
Pekerjaan Pemeliharaan Rutin Jalan dan Jembatan 
Balai Pengelolaan Jalan Wilayah Purwodadi.
#JatengLawanCorona
#bersamalawancorona
@ganjarpranowo

@TajYasinMZ

@provjateng

@dprdjatengprov

@humasjateng

@dpubmckjateng https://t.co/EL4Fm186NM",0,0,netral
gusdureen,"@islah_bahrawi @ganjarpranowo @aniesbaswedan Pesanku cuma satu, kalau lagi ibadah jangan nonton dulu ya.. ğŸ˜",2,1,negatif
ValeryGrif59163,"Oleh sebab itulah menurut prabowo, dunia harus belajar pada tradisi asia, yaitu kompromi. #PrabowoNeruskePakdhe Prabowo Subianto #PrabowoMenjagaKerukunan",0,1,positif
brendskienavarr,"Nantinya, kerja sama ini akan membidik 22 pemuda Palestina untuk menerima beasiswa penuh buat belajar di Unhan. #PrabowoNeruskePakdhe Prabowo Subianto",0,5,positif
dwioktariyadi,"@LanangJagad31 @alextham878 @Gus_Raharjo @ganjarpranowo @pn7l7h Ya betul Mas. Dan dari hasil laporan KPK, status Pak Ganjar masih sbgai saksi saja kok. Itu dari zaman masih ada Pak Novel jg sama kok.",0,1,positif
andiebs,"@Mdy_Asmara1701 ini gara2 pak @aniesbaswedan bilang diundang raja sulaiman jadi para buzzer menyesuaikan....coba baca rintihan mereka pak, mereka digaji tapi tingkat kesulitannya tinggi nih",2,0,negatif
bpt_pwd,"Hallo #sahabatjalancantik 
Pekerjaan Pemeliharaan Rutin Jalan dan Jembatan 
Balai Pengelolaan Jalan Wilayah Purwodadi.
#JatengLawanCorona
#bersamalawancorona
@ganjarpranowo

@TajYasinMZ

@provjateng

@dprdjatengprov

@humasjateng

@dpubmckjateng https://t.co/j0TIFhYjEc",0,0,netral
budhisjam,@Mdy_Asmara1701 Setujuâ€¦ jadi kasihan Pak @aniesbaswedan yang â€œdijegalâ€ pendukungnya sendiri gara2 keteledoran pendukungnyaâ€¦,0,0,netral
21KSSHINERICH,@EdiArif96983478 @ganjarpranowo @newIding30 @OmpungGuru @ch_chotimah2 @FirzaHusainID @SokaJati @_Dauph1ne_ @sami86pilang Aamiin allahumma aamiiin ğŸ¤²ğŸ»ğŸ˜‡,0,0,netral
ValeryGrif59163,Kecilnya planet ini membuat setiap konflik yang dilakukan oleh dua kelompok yang bermusuhan selalu memberi dampat bagi semua tatanan kehidupan yang ada di diplanet tersebut. #PrabowoNeruskePakdhe Prabowo Subianto #PrabowoMenjagaKerukunan,2,0,negatif
bpt_pwd,"Hallo #sahabatjalancantik 
Pekerjaan Pemeliharaan Rutin Jalan dan Jembatan 
Balai Pengelolaan Jalan Wilayah Purwodadi.
#JatengLawanCorona
#bersamalawancorona
@ganjarpranowo

@TajYasinMZ

@provjateng

@dprdjatengprov

@humasjateng

@dpubmckjateng https://t.co/MNKVOpouds",0,0,netral
JesicaRahmadina,"Kalimat ""Optimis Aja""yg sering diucapkan pak @ganjarpranowo, ternyata mampu menginspirasi anak muda Indonesia kaum milenial dan Gen Z.
Seperti brand pakaian lokal ""GreyMan' yang terinspirasi pak Ganjar yang dikenal sebagai Si Rambut Putih, yang diluncurkan pada CFD Senayan. https://t.co/cMaF0nGr42",0,3,positif
Lembayung071,Ihh...pendukung ny @ganjarpranowo otaknya mesum ya ngikutin siapa sih ini masa bunda kan perempuan si zon kan laki laki ...bukan Muhrim @abahjojo_ apa nga malu mas ganjar pendukung ny otak mesum jangan jangan ngikutin ğŸ¤­ğŸ¤­ğŸ¤­ğŸ¤­ğŸ¤­,5,0,negatif
fachriman13,Kerja sama itu berupa pemberian beasiswa bagi pelajar Palestina yang menempuh pendidikan di Unhan. #PrabowoNeruskePakdhe Prabowo Subianto,0,2,positif
SahabatCel,@Fredi13617380 @DokterTifa @jokowi @aniesbaswedan Ngomong apa km it bong ğŸ˜‚ ii,0,0,netral
HugaryYate74872,Kompromi adalah upaya untuk mendapat kesepakatan dari setiap pihak yang memiliki perbedaan pendapat atau selisih paham. #PrabowoNeruskePakdhe Prabowo Subianto #PrabowoMenjagaKerukunan,0,1,positif
bpt_pwd,"Hallo #sahabatjalancantik 
Pekerjaan Pemeliharaan Rutin Jalan dan Jembatan 
Balai Pengelolaan Jalan Wilayah Purwodadi.
#JatengLawanCorona
#bersamalawancorona
@ganjarpranowo

@TajYasinMZ

@provjateng

@dprdjatengprov

@humasjateng

@dpubmckjateng https://t.co/Dk6LyhD3X2",0,0,netral
brendskienavarr,"di mana kerja sama ini meliputi beasiswa untuk pemuda pemudi Palestina untuk menjadi adat siswa di Unhan,"" kata Prabowo di kantor Kementerian Pertahanan, Jalan Medan Merdeka Barat, Jakarta Pusat, Senin (19/6/2023). #PrabowoNeruskePakdhe Prabowo Subianto",0,2,positif
harrispradana_,Hal tersebut diungkapkan Prabowo di hadapan massa Pergerakan Mahasiswa Islam Indonesia (PMII). #PrabowoNeruskePakdhe Prabowo Subianto,0,0,netral
CleoDevira99,@Aryprasetyo85 @yennywahid @ganjarpranowo @03__nakula @__AnakKolong @AgusValent65949 @al_lasan @alextham878 @Anak__Ogi @B3doel___ @Arindra__ @DM_N4BYL @ch_chotimah2 Setuju,0,1,positif
FresintoT,Kecilnya planet ini membuat setiap konflik yang dilakukan oleh dua kelompok yang bermusuhan selalu memberi dampat bagi semua tatanan kehidupan yang ada di diplanet tersebut. #PrabowoNeruskePakdhe Prabowo Subianto #PrabowoMenjagaKerukunan,2,0,negatif
ValeryGrif59163,"Sebagai contoh Prabowo memisalkan konflik Ukraina- Rusia yang terjadi diawal 2022 telah merusak rantai pasokan global, menciptakan kemiskinan dan kelaparan di tingkat global.Â #PrabowoNeruskePakdhe Prabowo Subianto #PrabowoMenjagaKerukunan",4,0,negatif
otnayram_me,"Clear ya Gaes.. klaim yang menyebutkan bahwa Ganjar Pranowo terlibat dalam kasus dugaan korupsi penyediaan BTS 4G adalah keliru

Jelas itu HOAKS

https://t.co/03qeP2361p https://t.co/Q0Wb657ARK",5,1,negatif
SullivanMc94854,"Sebagai contoh Prabowo memisalkan konflik Ukraina- Rusia yang terjadi diawal 2022 telah merusak rantai pasokan global, menciptakan kemiskinan dan kelaparan di tingkat global.Â #PrabowoNeruskePakdhe Prabowo Subianto #PrabowoMenjagaKerukunan",4,0,negatif
brendskienavarr,"Adapun dalam pertemuan itu, Prabowo dan PM Shtayyeh turut membahas perkembangan situasi global. Prabowo juga menyampaikan komitmen RI dalam membantu rakyat Palestina. #PrabowoNeruskePakdhe Prabowo Subianto",0,3,positif
SahabatCel,"@StophoaxIndo @DokterTifa @jokowi @aniesbaswedan Mank poin mana kesalahan Anies yg gak sesuai fakta bong..bhkan kesalahan Anies it bukan hny itu saja lho bong, tpi masih bnyak sekali..saking bnyak salahnya  gerombolan kalian jd benci setengah mati, smoga kalian bertobat dr menfitnah Anies ya bong..Aamiin.ğŸ¤—",6,3,negatif
bpt_pwd,"Hallo #sahabatjalancantik 
Pekerjaan Pemeliharaan Rutin Jalan dan Jembatan 
Balai Pengelolaan Jalan Wilayah Purwodadi.
#JatengLawanCorona
#bersamalawancorona
@ganjarpranowo

@TajYasinMZ

@provjateng

@dprdjatengprov

@humasjateng

@dpubmckjateng https://t.co/V3iCQHz2TW",0,0,netral
fachriman13,Perjanjian kerja sama ini ditandatangani langsung Rektor Unhan Laksmana Madya Amarulla Octavian dan Duta Besar (Dubes) Palestina untuk Indonesia Zuhair Al-Shun dan disaksikan Menhan Prabowo Subianto. #PrabowoNeruskePakdhe Prabowo Subianto,0,1,positif
NurillC,@NasDem @aniesbaswedan @adityawilly Preett,0,0,netral
suharnogareng,@Soemir28 @NohCeukenohhh @PKSejahtera @PDI_Perjuangan @aniesbaswedan Maklum.......Kuminis emang gitu kelakuannya.,1,0,negatif
bpt_pwd,"Hallo #sahabatjalancantik 
Pekerjaan Pemeliharaan Rutin Jalan dan Jembatan 
Balai Pengelolaan Jalan Wilayah Purwodadi.
#JatengLawanCorona
#bersamalawancorona
@ganjarpranowo

@TajYasinMZ

@provjateng

@dprdjatengprov

@humasjateng

@dpubmckjateng https://t.co/sLaZYrYYr9",0,0,netral
harrispradana_,""" kata Prabowo di hadapan massa PMII yang hadir di Benteng Vastenburg, Solo, Jumat (23/6). #PrabowoNeruskePakdhe Prabowo Subianto",0,0,netral
fachriman13,"Ia berharap, program beasiswa yang akan dimulai pada Juli mendatang dapat terus berkelanjutan di setiap tahun. #PrabowoNeruskePakdhe Prabowo Subianto",0,2,positif
SaintZionist,"@DokterTifa @jokowi @aniesbaswedan Mulai ngeleeesssss, politik kok gini amat di negeri ini.",2,0,negatif
hafidziano,@S4N_W1B1 @ganjarpranowo Ya alloh....berilah hidayah,0,1,positif
Harumiii_kn,Sinyal Arah Dukungan Jokowi Makin Terlihat saat Laga Indonesia vs Argentina Â #PrabowoNeruskePakdhe Prabowo Subianto https://t.co/N8lKVNCyFX,0,1,positif
CyrelManusama,@SahabatCel @DokterTifa @jokowi @aniesbaswedan Beliau banyak memiliki kelebihan bayar..,0,2,positif
arya_dhena,@CahAngo45022699 @Faqar_77 @Mdy_Asmara1701 @abwnews_ @aniesbaswedan @NasDem @PDemokrat @jokowi @ganjarpranowo @mohmahfudmd @SBYudhoyono,0,0,netral
cahayahati_01,@S4N_W1B1 @ganjarpranowo @nurulseptiynto1,0,0,netral
68Supriyono,"@islah_bahrawi @ganjarpranowo @aniesbaswedan Sudah diberikan contoh bagaimana menjaga ukhuwah islamiah , mengedepankan rasa persaudaraan sesama anak bangsa dgn mengesampingkan persaingan politik oleh kedua capres . Tapi masih juga diotak-atik dgn narasi yg nggak penting . Seperti kurang kerjaan ...",4,4,netral
brendskienavarr,Menteri Pertahanan (Menhan) RI Prabowo Subianto menyaksikan langsung penandatangan kerja sama di bidang pendidikan itu. #PrabowoNeruskePakdhe Prabowo Subianto,0,1,positif
brendskienavarr,"""Saya menikmati pertemuan yang dilaksanakan bersamaan dengan makan pagi ini dengan Menhan RI Prabowo Subianto. #PrabowoNeruskePakdhe Prabowo Subianto",0,1,positif
Priyanto_Subekt,"Sebagai contoh Prabowo memisalkan konflik Ukraina- Rusia yang terjadi diawal 2022 telah merusak rantai pasokan global, menciptakan kemiskinan dan kelaparan di tingkat global.Â #PrabowoNeruskePakdhe Prabowo Subianto #PrabowoMenjagaKerukunan",4,0,negatif
BangAdiOz,"#TetapAnies
#Anies 
#AniesBaswedan 
#AniesPresiden2024 https://t.co/pgvHrQIMzm",0,0,netral
Harumiii_kn,"Keduanya pun kompak memakai jaket warna merah, sementara Presiden Jokowi dan Ibu Negara mengenakan pakaian warna putih.Â  Â #PrabowoNeruskePakdhe Prabowo Subianto",0,1,positif
HugaryYate74872,"Berikut adalah beberapa kutipan ide dan gagasan beliau yang saya nukil dari pidatonya di Forum Dialog The 20th Asian Summit IISS Shangri-La 2023, tentang perdamaian dunia. #PrabowoNeruskePakdhe Prabowo Subianto #PrabowoMenjagaKerukunan",0,1,positif
brendskienavarr,"Beasiswa yang diterima adalah beasiswa penuh yang mencakup seluruh komponen, dari biaya hidup hingga kebutuhan pembelajaran. Prabowo berharap program maupun kerja sama dengan pemerintah Palestina berkelanjutan. #PrabowoNeruskePakdhe Prabowo Subianto",0,6,positif
embie056736821,"Jangan pada cemburu yaa... 
Melihat orang yang tak disukai dikasihi sesama manusia memang sering menimbulkan kecemburuan
Wajar..
Manusiawi sih...
Kasihan kamu ğŸ˜Š

No worries, sama sama dapat kasih.. cuma beda di akhiran i sama an aja sih 
Antara @aniesbaswedan dan para pencemburu",4,2,negatif
fachriman13,"â€œUntuk tahun ini kita lihat perkembangan, harapan bisa tiap tahun dan ini adalah (beasiswa) penuh termasuk gaya hidup,â€ ujar Prabowo. #PrabowoNeruskePakdhe Prabowo Subianto",0,2,positif
gusdureen,"@putri_Aalona Oh @sahabatganjar  ya.. jangan2 ada foto ganjar di dagingnya, atau ada foto daging kesukaan @ganjarpranowo ..ğŸ¤­ğŸ˜",0,0,netral
brendskienavarr,"""Pada hari ini baru saja kita saksikan bersama penandatanganan kerja sama antara rektor Universitas Pertahanan dengan Palestina, #PrabowoNeruskePakdhe Prabowo Subianto",0,2,positif
GilaKadrun,@NasDem @aniesbaswedan @ganjarpranowo Bapak politik identitas Anies mulut manis bau amis,1,1,netral
Aphrodite_AB1,@Rizal21414351 @islah_bahrawi @ganjarpranowo @aniesbaswedan Bocil main agak jauh dikit ya. Masih ngomong Nusantara ae lambemu,0,0,netral
fs2108,@amir_fariki @aniesbaswedan @PDI_Perjuangan Sesuai captionlah bambang.,0,1,positif
heintje_han,"@DesIndraL1 @aniesbaswedan IBADAH di tanah suci aja, masih ngibul.... Hadeuh ğŸ™ˆ https://t.co/PibUC8Ikdi",0,2,positif
Harumiii_kn,Dalam momen itu Prabowo dan Erick tampak mesra duduk sejajar menemani Jokowi. Â #PrabowoNeruskePakdhe Prabowo Subianto,0,0,netral
21KSSHINERICH,@OmpungGuru @EdiArif96983478 @ganjarpranowo @newIding30 @ch_chotimah2 @FirzaHusainID @SokaJati @_Dauph1ne_ @sami86pilang â˜ğŸ»ğŸ˜ğŸ’ªğŸ»ğŸ¤©ğŸ¤˜ğŸ»ğŸ‡®ğŸ‡©,0,0,netral
ParksNatha6733,namun dengan segudang informasi tersebut masih banyak publik yang salah kaprah atau bahkan belum tau dengan gagasan dan ide dari bapak yg sudah 4 kali ikut pemilu tersebut. #PrabowoNeruskePakdhe Prabowo Subianto #PrabowoMenjagaKerukunan,1,2,positif
bpt_pwd,"Hallo #sahabatjalancantik 
Pekerjaan Pengecatan Jembatan 
Balai Pengelolaan Jalan Wilayah Purwodadi.
#JatengLawanCorona
#bersamalawancorona
@ganjarpranowo

@TajYasinMZ

@provjateng

@dprdjatengprov

@humasjateng

@dpubmckjateng https://t.co/0qPaLORc9X",0,0,netral
jandakembang78,"@_Banyoe Ilmu pengetahuan yg didapat dari nyembah iblis. Mengabdi pada iblis, meminta kemakmuran, ilmu pengetahuan, kesehatan,  kekuasaan",0,0,netral
harrispradana_,Prabowo lalu memanggil Gibran untuk berpamitan dan menyebut Gibran sebagai pemimpin di masa depan. #PrabowoNeruskePakdhe Prabowo Subianto,0,0,netral
fachriman13,"""Programnya tahun ini kalau enggak salah 22 pemuda dan pemudi Palestina yang akan diseleksi Palestina dan Universitas Pertahanan. #PrabowoNeruskePakdhe Prabowo Subianto",1,1,netral
Tinavi78Terpal,@S4N_W1B1 @ganjarpranowo Gimana ceritanya ampe ada uang keamanan segala ??? Apa negara ini udah gk aman ??? ğŸ˜‡ğŸ˜‡ğŸ˜‡,0,1,positif
ArionHasib2082,@islah_bahrawi @Alewiraputra23 @ganjarpranowo @aniesbaswedan emang cewe yg didepan siapa om?? apa anaknya amin rasis??ğŸ¤£ğŸ¤£ğŸ¤£,1,0,negatif
M_tamy83,"@Lembayung071 @ganjarpranowo @prabowo Siapapun yang nantinya terpilih sebagai presiden di 2024 semoga kedepannya Indonesia lebih maju. Untuk dukungan terhadap salah satu capres saya belum mendukung antara Prabowo maupun ganjar. Karena lagi fokus nguli cari receh ğŸ˜†,
tapi saya sangat mengagumi kedua capres tersebut.",1,6,positif
salehrizad34,"Pidato, ide, pikiran dan gagasannya sering wara-wiri di media cetak, televisi dan internet, #PrabowoNeruskePakdhe Prabowo Subianto #PrabowoMenjagaKerukunan",0,0,netral
fachriman13,"""Kerja sama meliputi beasiswa untuk pemuda dan pemudi Palestina, untuk menjadi siswa di Universitas Pertahanan,"" kata Prabowo kepada wartawan di Kantor Kemhan, Jakarta Pusat, Senin, 19 Juni 2023. #PrabowoNeruskePakdhe Prabowo Subianto",0,1,positif
otnayram_me,"Pengamat Politik Universitas Al-Azhar Indonesia, Ujang Komarudin turut menelaah pidato Presiden Jokowi soal memenangkan Ganjar Pranowo utk Pilpres 2024 mendatang di acara Bulan Bung Karno.

Jelas nyata arah dukungan Jokowi ke Ganjar Pranowo 

https://t.co/VscXWWIZie https://t.co/NO982HzkjO",1,3,positif
Harumiii_kn,"Alasannya, dari semua sirkulasi pergerakan di Indonesia, pemuda adalah motor penggerak. Terlebih pemuda terdiri yang memiliki latar belakang mahasiswa. Â #PrabowoNeruskePakdhe Prabowo Subianto",0,0,netral
tribunnews,"""Sikap politik Golkar tetap dan tidak berubah, capres kita adalah Pak AH, walaupun kita memiliki flexibility untuk cawapres,"" kata Dave kepada wartawan, Rabu (28/6/2023). (ist)
#GanjarPranowo #AirlanggaHartarto #RidwanKamil

https://t.co/hFfO4g8Itr",2,1,negatif
brendskienavarr,"Sementara itu, PM Mohammad IM Shtayyeh mengucapkan terima kasih atas sambutan dalam kunjungan kenegaraannya. Dia juga berterima kasih atas kerja sama Indonesia demi meraih perdamaian dunia dan di Palestina. #PrabowoNeruskePakdhe Prabowo Subianto",0,5,positif
embie056736821,"https://t.co/hUBryHVU3e

Woooowww... Sejarah yang unik
Seru banget pak @aniesbaswedan 
Saya meyakini TIDAK ADA YANG NAMANYA KEBETULAN DIDUNIA INI 

Ai aran milik moal pahili teh kiyeu.. 
Subhanallah, seru saya membayangkan kelompok yang 65 % itu bisa dijangkau dengan jalan ini ğŸ¥³ https://t.co/EiYxcVYljn",1,3,positif
Harumiii_kn,"Terlebih, Igor melihat sikap tegak lurus Prabowo kepada presiden yang secara konsisten mendukung dan berkomitmen untuk melanjutkan program pemerintahan Jokowi. Â #PrabowoNeruskePakdhe Prabowo Subianto",0,2,positif
Bank_Aconk,@Aryprasetyo85 @yennywahid @ganjarpranowo @03__nakula @__AnakKolong @AgusValent65949 @al_lasan @alextham878 @Anak__Ogi @B3doel___ @Arindra__ @DM_N4BYL @ch_chotimah2 Langkah PSI makin maju,0,1,positif
harrispradana_,"""Mas Wali saya ingin pamit, ini pemimpin hari ini dan pemimpin masa depan, #PrabowoNeruskePakdhe Prabowo Subianto",0,0,netral
harrispradana_,Gibran pun membenarkan jika dirinya sempat berbincang dengan bakal calon Presiden itu. #PrabowoNeruskePakdhe Prabowo Subianto,0,0,netral
brendskienavarr,"Adapun penandatangan dilakukan oleh Rektor Unhan Laksamana Madya TNI Amarulla Octavian dengan Duta Besar (Dubes) Palestina untuk Indonesia, Dr. Zuhair. #PrabowoNeruskePakdhe Prabowo Subianto",0,0,netral
Harumiii_kn,"""Kedua, memimpin Nusantara, karena kita sebagai pemuda menjadi embrio pemimpin Indonesia yang akan datang.â€ Â #PrabowoNeruskePakdhe Prabowo Subianto",0,1,positif
BonekGL,@islah_bahrawi @ganjarpranowo @aniesbaswedan lho...itu yg jadi tukang sotreknya king salmon,0,0,netral
brendskienavarr,Prabowo mengatakan beasiswa ini merupakan bentuk konkret keberpihakan Indonesia kepada rakyat Palestina. Prabowo meyakini rakyat Palestina akan meraih tujuannya. #PrabowoNeruskePakdhe Prabowo Subianto,0,4,positif
Harumiii_kn,"Belum lama ini, kata Igor, Prabowo berkesempatan makan siang bersama Presiden Jokowi di Istana Bogor pada Ahad (18/6) yang diakui membahas soal politik. Â #PrabowoNeruskePakdhe Prabowo Subianto",1,3,positif
7eliazaar,"@Lembayung071 @ganjarpranowo @prabowo tidak usah diladeni bajer2 lawan bun, krn kamu bukan pemain sosmed kyk anak TK. berempati saja ke mereka2 yg sptnya sedang bermasalah dgn suasana hati. kita tdk pernah tau problem pribadi apa yg sedang mrk hadapi. ğŸ«°",6,1,negatif
brendskienavarr,"""Kami juga menawarkan beasiswa di tingkat SMA berasrama (boarding school) serta sekolah-sekolah militer lainnya untuk anak-anak muda Palestina,"" ujar Prabowo, dalam keterangan resmi, Rabu (26/10/2022). #PrabowoNeruskePakdhe Prabowo Subianto",0,1,positif
masdayenk91080,@KMER212 @ganjarpranowo @prabowo @jokowi Smoga sja,0,0,netral
iina_surbakti,Ganjar Pranowo mendorong potensi wisata edukasi Desa Sidowarno. Daerah yang berpotensi harus mendunia - GP https://t.co/K4Eh48o9tK,0,3,positif
21KSSHINERICH,@OmpungGuru @EdiArif96983478 @ganjarpranowo @newIding30 @ch_chotimah2 @FirzaHusainID @SokaJati @_Dauph1ne_ @sami86pilang ğŸ‡®ğŸ‡©ğŸ‡®ğŸ‡©ğŸ‡®ğŸ‡©ğŸ‡®ğŸ‡©ğŸ˜‡ğŸ‡®ğŸ‡©ğŸ‡®ğŸ‡©ğŸ‡®ğŸ‡©ğŸ‡®ğŸ‡©,0,0,netral
Harumiii_kn,"â€œNah dalam momentum pertandingan Argentina melawan Indonesia artinya Pak Jokowi juga mengendorse Erick Thohir sebagai cawapres,â€ ucapnya Â #PrabowoNeruskePakdhe Prabowo Subianto",0,1,positif
Harumiii_kn,"â€œContohnya, Indonesia menjuarai sepak bola di SEA Games kemarin begitu,â€ sambungnya.Â  Â #PrabowoNeruskePakdhe Prabowo Subianto",0,0,netral
Ari3Pras,@hansssolo @ganjarpranowo Pilih Ganjar wae. Ojo liyane ğŸ¤ŸğŸ‡²ğŸ‡¨,0,1,positif
ayubharis,@ganjarpranowo Jangan offside lagi lhoh pak...,1,0,negatif
riauberjaya,"Ganjar Pranowo elektabilitas tertinggi
#GanjarCapres
#GanjarMelayuMaju
#GanjarBedelau https://t.co/gulZeHFwmp",0,0,netral
TrioKw3kkw3k__,"@Jatayu_45 Yang ingin jadi orang kaya, sila pilih Anies Baswedan. 
Maju kotanya bahagia warganya.
#2024Gant1Presiden 
#2024Gant1Presiden 

Yang ingin jadi orang miskin, sila pilih Ganjar Pranowo. https://t.co/2CMlmuBnkx",0,4,positif
ParaMilitan277,MATUR SUWON SANGETğŸ™ğŸ™ğŸ™ğŸ™‡ğŸ™‡ğŸ™‡...MAS GANJAR PRANOWO... @ganjarpranowo ğŸ™ğŸ™ğŸ™ğŸ™‡ğŸ™‡ğŸ™‡,0,0,netral
MichelAdam7__,"Di Kecamatan Kedungbanteng, lahir Relawan Kedunganies, 

atas prakarsa simpul relawan Anies Baswedan Club (ABClub) &amp; Jarnas ABW.

Di Banyumas Jawa Tengah, Kedungbanteng jadi Kedunganies
https://t.co/PveO7gqg39

#2024Gant1Presiden 
#2024Gant1Presiden",0,2,positif
prabowomenyapa8,Sistem Ekonomi Kita Rapuh #KitaPrabowo #Prabowo #PrabowoSubianto https://t.co/6lv0uCVM0V,1,0,negatif
NatalyaCro25747,"Sebagai orang yang paling sering mengikuti eventÂ pemilu di Indonesia, Prabowo menjadi orang yang sering disalah artikan. #PrabowoNeruskePakdhe Prabowo Subianto #PrabowoMenjagaKerukunan",0,0,netral
bpt_pwd,"Hallo #sahabatjalancantik 
Pekerjaan Pemeliharaan Rutin Jalan dan Jembatan 
Balai Pengelolaan Jalan Wilayah Purwodadi.
#JatengLawanCorona
#bersamalawancorona
@ganjarpranowo

@TajYasinMZ

@provjateng

@dprdjatengprov

@humasjateng

@dpubmckjateng https://t.co/ndqWI5KRfe",0,0,netral
HugaryYate74872,"Prabowo memulai pidatonya dengan sebuah quote ""our small planet"", seolah mengatakan bahwa planet yang kita tinggali ini adalah sebuah planet yg kecil, yang setiap sisinya saling berhubungan dan saling mengetahui. #PrabowoNeruskePakdhe Prabowo Subianto #PrabowoMenjagaKerukunan",0,0,netral
MuhammadAb70437,@03__nakula Apakah JIS itu proyek gagal dari gubernur sebelum Anies Baswedan. Kalau iya berterima kasih lah sama Anies Baswedan,1,1,netral
brojong20,@ariefbudiawan7 @CNNIndonesia @jokowi @prabowo @ganjarpranowo @aniesbaswedan Semua negara juga begitu block ğŸ¤£ğŸ¤¡,0,0,netral
NoordErnest,@geloraco Mdh2an @aniesbaswedan insyaf sepulangnya dr ibadah haji dan dgn ikhlas lillah itaala  mundur  dr pencapresan..aamiin,1,2,positif
SAPAR752,@NasDem @aniesbaswedan @ganjarpranowo Pak Ganjar Pranowo bikin adem,0,0,netral
ValeryGrif59163,Kompromi adalah upaya untuk mendapat kesepakatan dari setiap pihak yang memiliki perbedaan pendapat atau selisih paham. #PrabowoNeruskePakdhe Prabowo Subianto #PrabowoMenjagaKerukunan,0,1,positif
OmpungGuru,@21KSSHINERICH @EdiArif96983478 @ganjarpranowo @newIding30 @ch_chotimah2 @FirzaHusainID @SokaJati @_Dauph1ne_ @sami86pilang ğŸ™ğŸ™ğŸ¤ŸğŸ¤Ÿ,0,0,netral
NatalyaCro25747,namun dengan segudang informasi tersebut masih banyak publik yang salah kaprah atau bahkan belum tau dengan gagasan dan ide dari bapak yg sudah 4 kali ikut pemilu tersebut. #PrabowoNeruskePakdhe Prabowo Subianto #PrabowoMenjagaKerukunan,1,2,positif
BandotLahardo,Kelakuan Partai nya den @ganjarpranowo udh kek punya bapaknya megawati nih stadion,0,0,netral
tetengmuma48221,"@islah_bahrawi @ganjarpranowo @aniesbaswedan Yg alumni Tokyo Daigaku dgn wajah rupawan yg tdk bosanÂ² mengontemplasinya.
 Alhamdulillah atas kesempatan yg dkberikaNya ini.",0,2,positif
ValeryGrif59163,"Prabowo memulai pidatonya dengan sebuah quote ""our small planet"", seolah mengatakan bahwa planet yang kita tinggali ini adalah sebuah planet yg kecil, yang setiap sisinya saling berhubungan dan saling mengetahui. #PrabowoNeruskePakdhe Prabowo Subianto #PrabowoMenjagaKerukunan",0,0,netral
holopiscom,"Bacapres dari PDIP Ganjar Pranowo baru- baru ini menjadi sorotan gara-gara aksinya yang menelepon Pj Gubernur DKI Jakarta Heru Budi untuk menyampaikan keluhan warga Ibu Kota. 

Menurut Anda?

#GanjarPranowo https://t.co/uBBXb62w7x",2,0,negatif
TrioKw3kkw3k__,"@Jatayu_45 Yang ingin jadi orang kaya, sila pilih Anies Baswedan. 
Maju kotanya bahagia warganya.
#2024Gant1Presiden 
#2024Gant1Presiden 

Yang ingin jadi orang miskin, sila pilih Ganjar Pranowo. https://t.co/2CMlmuBnkx",0,4,positif
anton_sukisno,@Pidak_Nglolet @Metro_TV @ganjarpranowo Sudah pernah ke Jateng? Dan tahu ga Jateng luasnya brp x DKI. Jd kira2 pasar nya ada brp banyak.,1,1,netral
bpt_pwd,"Hallo #sahabatjalancantik 
Pekerjaan Pemeliharaan Rutin Jalan dan Jembatan 
Balai Pengelolaan Jalan Wilayah Purwodadi.
#JatengLawanCorona
#bersamalawancorona
@ganjarpranowo

@TajYasinMZ

@provjateng

@dprdjatengprov

@humasjateng

@dpubmckjateng https://t.co/Y8WjC6GGRJ",0,0,netral
DYS_yes,"@ganjarpranowo Bukan gw yg ngomong 
Bocil aja tauuuğŸ¤£ https://t.co/m1X8M1q92o",1,0,negatif
brendskienavarr,Jakarta - Universitas Pertahanan RI (Unhan) resmi menandatangani perjanjian kerja sama di bidang pendidikan dengan pemerintah Palestina. #PrabowoNeruskePakdhe Prabowo Subianto,0,2,positif
pieteriskandar0,"@ategeo @Jens_alfaqir @DokterTifa @jokowi @aniesbaswedan Menghadirkan saksi dalam sangkaan dan ijasah palsu, dalam hal ini presiden Jokowi, dapat dipanggil saksi fakta lain yg berkesesuaian dengan fakta. Majelis hakim dapat menilai apakah saksi fakta tersebut sudah cukup membuktikan atau tidak. Bila majelis hakim menilai belum cukup...",1,3,positif
trievanchange,"@ganjarpranowo pripun mÃ¨niko nDoro,
sÃ¨priki dÃ©rÃ©ng didandosi,
nyuwun pitulunganipun supados Ã©nggal dipun dandosi, suwun kÃ¨parÃ¨ng matur ğŸ™ https://t.co/dgM7y08Uow",0,0,netral
FashionIin,"@HidayatJun69332 @S4N_W1B1 @ganjarpranowo Dalam Video ini
Nama AB disebut 77x",0,0,netral
Harumiii_kn,"â€œMereka memisahkan antara politik dan olah raga. Ini yang diapresiasi oleh Presiden Jokowi,"" Lanjut Igor, pada laga yang menjadi sorotan banyak masyarakat tersebut Â #PrabowoNeruskePakdhe Prabowo Subianto",1,1,netral
bpt_pwd,"Hallo #sahabatjalancantik 
Pekerjaan Pemeliharaan Rutin Jalan dan Jembatan 
Balai Pengelolaan Jalan Wilayah Purwodadi.
#JatengLawanCorona
#bersamalawancorona
@ganjarpranowo

@TajYasinMZ

@provjateng

@dprdjatengprov

@humasjateng

@dpubmckjateng https://t.co/cuEDsoclbj",0,0,netral
brendskienavarr,"Delegasi kami dari sektor swasta juga melaksanakan pertemuan dengan sektor swasta Indonesia dan pertemuan ini berjalan dengan sangat baik,"" katanya. #PrabowoNeruskePakdhe Prabowo Subianto",0,1,positif
jandakembang78,"@tanyarlfes Kalo 500 RB/ bulannya gw liat sendiri misalkan bokap banting tulang angkat2 sak semen atau maculin sawah org, sampe kiamat ga bakal gw gunain itu duit keringet bokap.",2,0,negatif
OmpungGuru,"@21KSSHINERICH @EdiArif96983478 @ganjarpranowo @newIding30 @ch_chotimah2 @FirzaHusainID @SokaJati @_Dauph1ne_ @sami86pilang Gaspoll âœŠâœŠğŸ‡®ğŸ‡©ğŸ‡®ğŸ‡©
#GanjarPranowo",0,0,netral
Harumiii_kn,"Hal tersebut dilakukan demi muncul bibit unggul di dunia sepakbola Tanah Air,"" ujar Igor, Rabu (21/6). Â #PrabowoNeruskePakdhe Prabowo Subianto",0,1,positif
SaviorBEOMGYU,@RescuerBilly Anies Baswedan,0,0,netral
HamptonRil86253,Kompromi adalah upaya untuk mendapat kesepakatan dari setiap pihak yang memiliki perbedaan pendapat atau selisih paham. #PrabowoNeruskePakdhe Prabowo Subianto #PrabowoMenjagaKerukunan,0,1,positif
0512Vip,"@NasDem @aniesbaswedan @ganjarpranowo P @ganjarpranowo sekeluarga lagi duduk santai dimeja makan,,",0,0,netral
CaesarDcandra,"@ch_chotimah2 @ganjarpranowo Sabar..KTPmu mana, brp no hpmuğŸ˜œğŸ˜œğŸ˜œ",0,0,netral
Gi_N0ng,"@dwioktariyadi @Kingcube12 @alextham878 @Gus_Raharjo @ganjarpranowo @pn7l7h Betul bang
Nong terlalu grusa grusu
Sampe harus ribut ma temen ğŸ¤­
ğŸ˜­ğŸ¤£ğŸ¤£",2,1,negatif
AbdulKh29602993,@S4N_W1B1 @ganjarpranowo Bikin repot,1,0,negatif
johanhowan,"@ch_chotimah2 @Metro_TV @ganjarpranowo Kalau tdk patuh sama om brewok, bisa gawat.....",0,2,positif
feylazyaw,"@NasDem @aniesbaswedan @ganjarpranowo ada yg ngibul diundang kerajaan saudi
dan partai pengusungnya tolol",1,0,negatif
Aphrodite_AB1,@islah_bahrawi @ganjarpranowo @aniesbaswedan Emang tuhan bisa bikin undangan ya? Setahuku. Yg ngundang tetap manusia. Yang mengizinkan Allah. Ga usah muter2. Agama ini dah kebanyakan orang yg suka muter2. Pertanyaan lu sama persis mana duluan ayam apa telor? Terus yg suka angkat telor kok ga dibilang angkat ayam? ğŸ¤£ğŸ¤£,5,4,negatif
0512Vip,"@NasDem @aniesbaswedan @NasDem percaya ggak,, kalo pak @aniesbaswedan berhaji  kali ini diundang oleh Raja Salman, bhkan diberi paviliun istana utk bermalam.
,,..",0,2,positif
missuf2574780,"@Lembayung071 @ganjarpranowo @prabowo Sing bener ki yo netral ae kok
Ben do ra padu ae ğŸ™",1,0,negatif
IrvanRajulan,@geloraco Pak Anies Baswedan makin dihina atau direndahkan maka akan makin bersinar dan makin disayang oleh rakyat Indonesia.,2,1,negatif
pieteriskandar0,@DuniaMarsya @AanNaslan @aken_zank @DokterTifa @jokowi @aniesbaswedan Yg mana pertanyaan tai nya?,1,0,negatif
SullivanMc94854,Kecilnya planet ini membuat setiap konflik yang dilakukan oleh dua kelompok yang bermusuhan selalu memberi dampat bagi semua tatanan kehidupan yang ada di diplanet tersebut. #PrabowoNeruskePakdhe Prabowo Subianto #PrabowoMenjagaKerukunan,2,0,negatif
ridhomuttaqin03,"@amir_fariki @aniesbaswedan @PDI_Perjuangan Sesungguhnya mereka sudah bisa ditebak siapa sesungguhnya.....""alam akherat adalah khayalan belaka""...",0,1,positif
SahabatCel,@mochamad_fadli1 @DokterTifa @jokowi @aniesbaswedan Ngomong opo e kwe ki bong ğŸ˜‚ğŸ˜‚ğŸ˜‚,0,0,netral
pieteriskandar0,"@ategeo @Jens_alfaqir @DokterTifa @jokowi @aniesbaswedan Terserah jaksa mau menghadirkan atau tidak, bukan soal boleh atau tidak. Demikian juga pembela silahkan saja menjadikan presiden Jokowi sebagai saksi.",1,1,netral
iina_surbakti,"Sejalan dengan Presiden Jokowi, Ganjar Pranowo genjot pembangunan infrastruktur desa. Dampaknya positif bagi perekonomian masyarakat. https://t.co/Dhag4SNitL",0,3,positif
AmMuliadi,@SahabatCel @DokterTifa @jokowi @aniesbaswedan Atas balas jasanya pak de angkat jadi menteri meskipu akhirnya dipecat karena tdk becus kerja... ğŸ¤­ğŸ¤­,2,1,negatif
SubchanBecam,@StefanAntonio__ @Verraagustian_ H. Letjend ( Pur) TNI Prabowo Subianto,0,0,netral
brendskienavarr,"Dalam kesempatan itu, Prabowo menawarkan beasiswa bagi anak-anak Palestina di Universitas Pertahanan RI untuk belajar ilmu kedokteran, farmasi, hingga matematika. #PrabowoNeruskePakdhe Prabowo Subianto",0,2,positif
bpt_pwd,"Hallo #sahabatjalancantik 
Pekerjaan Pemeliharaan Rutin Jalan dan Jembatan 
Balai Pengelolaan Jalan Wilayah Purwodadi.
#JatengLawanCorona
#bersamalawancorona
@ganjarpranowo

@TajYasinMZ

@provjateng

@dprdjatengprov

@humasjateng

@dpubmckjateng https://t.co/3It1Q2z6mE",0,0,netral
MenujuJlnPulang,@0M_YANT0 @aniesbaswedan Aamin,0,0,netral
SullivanMc94854,"Prabowo memulai pidatonya dengan sebuah quote ""our small planet"", seolah mengatakan bahwa planet yang kita tinggali ini adalah sebuah planet yg kecil, yang setiap sisinya saling berhubungan dan saling mengetahui. #PrabowoNeruskePakdhe Prabowo Subianto #PrabowoMenjagaKerukunan",0,0,netral
edomedia99,Unggah Foto Hoaks Editan Anies Baswedan Tawaf Bareng Raja Salman &amp;#8211; Musni Umar Minta Maaf https://t.co/Rj38ghbM3N,0,1,positif
jowotulenasli,"@DokterTifa @jokowi @aniesbaswedan Biyen ya biyen.
Saiki isoh tak olah lan gugu pengaruhku, 
Tak gedekke anaku dewe ngopo gedekke anakke uwong. 

Hanya istilah dlm pewayangan. 
Judul cari deweğŸ«¢",1,0,negatif
DergaAgam,@Rawit234234 @CNNIndonesia @masbutet @aniesbaswedan @prabowo @Gerindra @NasDem Percuma lapor gak akan di proses..,3,1,negatif
Harumiii_kn,"Sementara itu Presiden Joko Widodo (Jokowi) dan Gubernur Jawa Tengah Ganjar Pranowo yang juga dijadwalkan hadir, tidak nampak. Â #PrabowoNeruskePakdhe Prabowo Subianto",1,0,negatif
ArionHasib2082,@islah_bahrawi @Alewiraputra23 @ganjarpranowo @aniesbaswedan emang cewe yg didepan siapa om?? apa anaknya amin rasis??ğŸ¤£ğŸ¤£ğŸ¤£,1,0,negatif
kumparan,Hasto membuat pantun bacawapres Ganjar Pranowo terkait Ridwan Kamil. Apa kata Gubernur Jawa Barat itu? #newsupdate #update #news #text https://t.co/bYsDRcNbfh,0,0,netral
xxx33ApR,@thisoldpain @Prashad_Aryana @yvxen @chaewonterbang @sosmedkeras @ganjarpranowo iki lho gubernur e.. uhuuuk,0,0,netral
brendskienavarr,"""Untuk tahun ini kita lihat perkembangan, harapannya bisa tiap tahun dan ini adalah penuh, termasuk biaya hidup. #PrabowoNeruskePakdhe Prabowo Subianto",0,1,positif
DayuhMamiq,@DokterTifa @jokowi @aniesbaswedan Anies tak punya salah tapi Jokowi penuh masalah,2,0,negatif
Bangren86,"@ganjarpranowo Umes pak, keluhan wargamu banyak situ malah mentingin agenda pribadi buat nyapres. Ke daerah lain",1,1,netral
Darmawan_bs,"@SETYAKI22965702 @ganjarpranowo GPâ¡ï¸Tegas, Berani dan punya Nyali #GanjarTerbaik #LanjutkanBersamaGanjar https://t.co/2s0SyC3DeT",0,1,positif
fachriman13,"â€œPokoknya yang akan ikut program kita dengan kurikulum kita, dengan standar yang sudah kita tetapkan, dan bersama anak-anak kita,â€ katanya.#PrabowoNeruskePakdhe Prabowo Subianto",0,2,positif
FashionIin,@YosAditya61 @S4N_W1B1 @ganjarpranowo Dalam Video itu nama AB disebut 77x,0,0,netral
JendralKepitin9,@amir_fariki @aniesbaswedan @PDI_Perjuangan PDIP sampul nya saja DEMOKRASI TAPI ISINYA MONARKI,0,1,positif
fitrianti92,@aniesbaswedan gimn nih wan??,0,0,netral
GrandLight88,@BakulSego116611 @DewiOzza @aniesbaswedan Itu yg di pintu mobil logo kerajaan atau logo perusahaan taxi?,0,0,netral
OmpungGuru,"@EdiArif96983478 @ganjarpranowo @newIding30 @ch_chotimah2 @FirzaHusainID @SokaJati @_Dauph1ne_ @sami86pilang @21KSSHINERICH @jokowi Siap mas âœŠâœŠğŸ‡®ğŸ‡©ğŸ‡®ğŸ‡©
ğŸ¤ŸğŸ¤ŸğŸ¤Ÿ",0,1,positif
CHINTYA97475081,@S4N_W1B1 @tinggipasaribu @ganjarpranowo Piye koe Iki te...te wong Arep ibadah korban malah dipalaki...,1,1,netral
TuanMuda_PITER,"@DokterTifa @jokowi @aniesbaswedan Ini tifa sok tau tentang jokowi takut si anis gagal jadi calon presiden.
Tanya sendiri sama ketua parpol yg mengusung si anis dia solit apa tidak untuk mendukung si anis. Saya mempertanyakan kepintaran anda sebagai dokter.",4,1,negatif
InaWina14,@amir_fariki @aniesbaswedan @PDI_Perjuangan Itu yg motong foto pasti orang yg suka ngedit2 foto orang.. yg kampungan itu.. yang bisanya bikin foto hoax... ğŸ¤£ğŸ¤£ğŸ¤£ Kasian banget,0,2,positif
Ch1ke1,@sarah_enjeuLL @Brebestone2 @aniesbaswedan Ngeles lagi Pir,0,0,netral
ParksNatha6733,"Pidato, ide, pikiran dan gagasannya sering wara-wiri di media cetak, televisi dan internet, #PrabowoNeruskePakdhe Prabowo Subianto #PrabowoMenjagaKerukunan",0,0,netral
Priyanto_Subekt,"Oleh sebab itulah menurut prabowo, dunia harus belajar pada tradisi asia, yaitu kompromi. #PrabowoNeruskePakdhe Prabowo Subianto #PrabowoMenjagaKerukunan",0,1,positif
Sigiwarmada,"@a9us8udiutomo @NasDem @aniesbaswedan @adityawilly Tapi dipecaaaat, bal",0,0,netral
CNNIndonesia,Elektabilitas Ganjar PranowoÂ yang tinggi tidak membuat partai politik langsung merapat ke barisan PDIP jelang Pilpres 2024. Pengamat mengungkap sejumlah alasan koalisi pengusung Ganjar tak kunjung bertambah. Baca selengkapnya di https://t.co/6EGxY3orqD #Analisis #CNNIndonesia! https://t.co/WjEJunTiQb,2,1,negatif
HugaryYate74872,"Sebagai contoh Prabowo memisalkan konflik Ukraina- Rusia yang terjadi diawal 2022 telah merusak rantai pasokan global, menciptakan kemiskinan dan kelaparan di tingkat global.Â #PrabowoNeruskePakdhe Prabowo Subianto #PrabowoMenjagaKerukunan",4,0,negatif
brendskienavarr,Penandatangan kerja sama kedua belah pihak digelar pada Senin (19/6/2023) di Aula Bhinneka Tunggal Ika Gedung Sudirman Kementerian Pertahanan RI. #PrabowoNeruskePakdhe Prabowo Subianto,0,2,positif
Brigade01Arwan1,"Saat Wuquf di  Arafah, Gus Imin Ajak Para Jamaah Haji Doakan Indonesia Damai.

#GusIminWuqufArafah
#GusIminPresiden
#MuhaiminIskandar
#PartaiKebangkitanBanga

@cakimiNOW
@jokowi
@prabowo
@ganjarpranowo
@DPP_PKB
@billy4riez
@Bambangelf

https://t.co/nXMiIEsAPi",0,1,positif
hyloshyper,@DokterTifa @jokowi @aniesbaswedan Sampe segini takut sama jokowi... wkwkwk,2,0,negatif
ChikaPermataaaa,"Ini salah satu REKAM JEJAK Anies Baswedan yang menelan korban jiwa

Bikin karya bukannya bermanfaat tapi malah MEMBUNUH WARGANYA sendiri

Geter Tasyi Alwi Nex Carlos Royco Sapi Pendek EMANG BOLEH SEGANTENG INI Sakura Yuna Nadia Dengkul garuda mendunia Muhammadiyah Haki Arafah https://t.co/VY3xv6viZo",6,1,negatif
iina_surbakti,Ganjar Pranowo terjunkan pemuda untuk mendampingi warga pedesaan dalam berusaha. Dengan demikian diharapkan warga desa mampu berdikari secara ekonomi https://t.co/38VrO1fSPo,0,2,positif
TamongPanji,"@CNNIndonesia Kata PAN @Official_PAN 
Sejumlah elite PPP @DPP_PPP menyatakan lebih Nyaman dengan @aniesbaswedan Cerdas dan Amanah. 
#2024AniesPresiden",0,3,positif
pieteriskandar0,@ategeo @Jens_alfaqir @DokterTifa @jokowi @aniesbaswedan Maka dapat saja majelis hakim memerintahkan presiden hadir sebagai saksi. Jadi dalam hal ini bukan soal boleh atau tidak. Tapi fakta fakta yg terungkap di persidangan akan menjadi pertimbangan oleh majelis hakim.,1,4,positif
MomahadSodri,@tohir_extrem @musniumar @ekowboy2 @Mdy_Asmara1701 @tatakujiyati @aniesindo @aniesbaswedan Omongan Anies bener:PERILAKU PENDUKUNG ITU MEWAKILI SIFAT ORANG YANG DIDUKUNGNYA iya itu lah kadrunğŸ¤£ğŸ¤£,0,0,netral
Harumiii_kn,Hal itu tercermin dari sikapnya yang tegak lurus dengan arahan Presiden Jokowi pada momentum Piala Dunia U-20 tahun 2023. Â #PrabowoNeruskePakdhe Prabowo Subianto,0,2,positif
Sgm_mks,"@Lembayung071 @ganjarpranowo @prabowo Prestasi aki/engkong Wowo beli pesawat bekas atau rongsokan 

Tolong @KPK_RI @KejaksaanRI usut dong 

Diduga terjadi penyelewengan anggaran 

https://t.co/aREOeUl9uD",2,1,negatif
masdayenk91080,@Lembayung071 @ganjarpranowo @prabowo Y mngertii,0,0,netral
EdiKeceput2,Oooh ..pak Suharso Monoarfa itu keluarganya mas Ganjar Pranowo tho ? ... Baru tahu saya. https://t.co/gM3L5JCRUH,0,1,positif
bintangku206,"@Sukardi2017 @nazaqistsha @ganjarpranowo babirun cebong kafir PKI seperti anda adalah bangkai busuk, muka busuk hati busuk, gigi rompal tak pernah gosok gigi, busuk hatimu seperti busuk wajahmuğŸ¤®ğŸ¤®ğŸ˜… https://t.co/SM1H9WLC27",5,1,negatif
AntonSa2013,"@DokterTifa @jokowi @aniesbaswedan Nanya masalahnya ?

Jawabnya Tukang Ngibul â€¦. Jadi ga pantes.",1,0,negatif
Revin_Ravenza,@ImamNganuu @islah_bahrawi @ganjarpranowo @aniesbaswedan Lo asik gan,0,0,netral
salehrizad34,"Sebagai orang yang paling sering mengikuti eventÂ pemilu di Indonesia, Prabowo menjadi orang yang sering disalah artikan. #PrabowoNeruskePakdhe Prabowo Subianto #PrabowoMenjagaKerukunan",0,0,netral
BagongBodronoyo,Lihat video Bagong Brodonoyo! #TikTok https://t.co/XCre7xOTup,0,0,netral
fachriman13,Universitas Pertahanan (Unhan) melalui Kementerian Pertahanan (Kemhan) resmi menjalin kerja sama dengan Palestina. #PrabowoNeruskePakdhe Prabowo Subianto,0,2,positif
brendskienavarr,Shtayyeh mengapresiasi komitmen Indonesia yang solid untuk rakyat Palestina serta memperjuangkan hak-hak Palestina dalam menentukan nasib sendiri. #PrabowoNeruskePakdhe Prabowo Subianto,0,2,positif
Kristin28931740,@ganjarpranowo Lah katanya naik haji den kok sosmed tiada henti jangan jangan lagi nonton kesukaan mu ğŸ¤£,3,1,negatif
wibisonoaji2,@S4N_W1B1 @ganjarpranowo Pak rt minta yg beda kali..kasih babi mau kayaknya wakakakaakkkk,0,0,netral
Wo2_Anis_ORBA_,@Abingsanca @widarto63285827 @aniesbaswedan @LebakBulusInfo @__AnakKolong @BRidwan908 @musniumar @bachrum_achmadi @_RiuRizkiUtomo @NgkongRoses @j6rt9gw2hd @4Y4NKZ @triajaaa @K7_m0en ğŸ¤£,0,0,netral
bpt_pwd,"Hallo #sahabatjalancantik 
Pekerjaan Pengecatan Jembatan 
Balai Pengelolaan Jalan Wilayah Purwodadi.
#JatengLawanCorona
#bersamalawancorona
@ganjarpranowo

@TajYasinMZ

@provjateng

@dprdjatengprov

@humasjateng

@dpubmckjateng https://t.co/lBd6FDhyDK",0,0,netral
KeadilanPerindu,@DokterTifa @jokowi @aniesbaswedan Bantu jawab mungkin pa anies tau ijazah palsu jadi takut,2,1,negatif
SullivanMc94854,"Oleh sebab itulah menurut prabowo, dunia harus belajar pada tradisi asia, yaitu kompromi. #PrabowoNeruskePakdhe Prabowo Subianto #PrabowoMenjagaKerukunan",0,1,positif
Harumiii_kn,"Selain itu, Igor juga menilai Prabowo-Erick memiliki komitmen yang kuat untuk memajukan sepakbola nasional. Â #PrabowoNeruskePakdhe Prabowo Subianto",0,3,positif
Priyanto_Subekt,Kecilnya planet ini membuat setiap konflik yang dilakukan oleh dua kelompok yang bermusuhan selalu memberi dampat bagi semua tatanan kehidupan yang ada di diplanet tersebut. #PrabowoNeruskePakdhe Prabowo Subianto #PrabowoMenjagaKerukunan,2,0,negatif
UusRsd,Pesan apa yg kita dapat dari pengungkapan Anies Baswedan ini? https://t.co/ZbjDTpAY52,0,0,netral
ganjarforall,"Pengurus Asosiasi Pemerintah Kota Seluruh Indonesia (APEKSI) memberikan ruang kepada Ganjar Pranowo untuk menyampaikan gagasan besar sebagai bakal capres 2024 pada Rakernas APEKSI XVI di Kota Makassar.

#ganjarforall  #ganjarpranowo #MEnangkanGAnjar #GenerasiGotongRoyong https://t.co/1Pq6xe5Puk",0,0,netral
Rld_70,@DokterTifa @jokowi @aniesbaswedan BUKAN URUSAN MU..URUS AJA DIRI MU,1,0,negatif
ndukurkotarih,"@DokterTifa @jokowi @aniesbaswedan Jangankan presiden,kami rakyat aj tau,beliau lebih banyak bicara dari pada bekerja.....",1,1,netral
De_Madha,"@DwiYatmo1698057 @DokterTifa @jokowi @aniesbaswedan Tanda2 cebong memang begini nich, ngomen duluan mikir belakangan, tanpa ngerti yang dikomen, gak nyambung",1,0,negatif
he39861400,"@tohir_extrem @musniumar @ekowboy2 @Mdy_Asmara1701 @tatakujiyati @aniesindo @aniesbaswedan Kamu juga sih Fir, selalu meunkemakan hoax.",0,0,netral
spec_politic,"Mengejar kemenangan hattrick, cawapres masih membidik yang terbaik? 

@PDI_Perjuangan @ganjarpranowo
@puanmaharani_ri @HidayatDjarot

#PDIP #Megawati #GanjarPranowo https://t.co/x0RNeIANY3",0,1,positif
fachriman13,"Prabowo mengatakan, di tahun ini program beasiswa itu akan diberikan kepada 22 pelajar Palestina melalui tahapan seleksi. #PrabowoNeruskePakdhe Prabowo Subianto",0,2,positif
lord_ofthink,"Lagi hot issue
Haji undangan Raja Salman
Haji Furoda kaliiiii

Muhammadiyah
Pendek 
#AniesBaswedan https://t.co/Hvr3DQKRX0",1,0,negatif
ResmawanBaits,@Muhammadsofial1 @yukitawor @aniesbaswedan @basuki_btp ğŸ¤£ğŸ¤£ğŸ¤£ğŸ¤£ğŸ¤£ğŸ¤£ğŸ¤£ğŸ¤£ğŸ¤£ğŸ¤£ @yukitawor yg katanya suka mampir...monggo nonton video dmari...ğŸ¤£ğŸ¤£ğŸ¤£ğŸ¤£ğŸ¤£ğŸ¤£ğŸ¤£,0,1,positif
feylazyaw,"@NasDem @aniesbaswedan @ganjarpranowo ada yg ngibul diundang kerajaan saudi
dan partai pengusungnya tolol",1,0,negatif
inilahdotcom,"Tokoh buruh dan aktivis Pro Demokrasi Jumhur Hidayat menuding, labelisasi sebagai petugas partai membuat Ganjar Pranowo kebablasan. Jumhur menyebut Pj Gubernur DKI Heru Budi menjadi korban pertama aksi Ganjar. â€œSaya kira ini salah satu bukti nyata dariâ€¦ https://t.co/109APagSng",2,1,negatif
HugaryYate74872,"Oleh sebab itulah menurut prabowo, dunia harus belajar pada tradisi asia, yaitu kompromi. #PrabowoNeruskePakdhe Prabowo Subianto #PrabowoMenjagaKerukunan",0,1,positif
dwioktariyadi,"@Gi_N0ng @Kingcube12 @alextham878 @Gus_Raharjo @ganjarpranowo @pn7l7h Kalau condong tar miring loh...sebelum 25 Nov 2023 Jam 00.00 segala kemungkinan bisa terjadi di last minute.

Kan sampai skrg belum ada Capres semua masih Bacapres versi parpol pengusung.",1,1,netral
fachriman13,"Menhan Prabowo Kukuhkan Kerja Sama Unhan-Palestina, Ada Program Beasiswa 

https://t.co/ZgvVRXx2Ou 

#PrabowoNeruskePakdhe Prabowo Subianto",0,2,positif
Sigiwarmada,@musto_kamil @NasDem @aniesbaswedan @adityawilly Guru koq dipecat..,0,0,netral
RiyantoBintan,@LANGKAHANIES @aniesbaswedan BerlombaÂ² ingin memenangkan anies baswedan jd presiden....muanttaappp,0,1,positif
Sigiwarmada,@zulfans171 @NasDem @aniesbaswedan @adityawilly Jangan mau jadi gedibal yaman,1,0,negatif
pikiran_rakyat,"Viral PDI-P Unggah Foto Ganjar Pranowo Ibadah Haji, Netizen: Foto Anies Baswedan Dipotong? #PikiranRakyat https://t.co/ueCkxinMMF",0,1,positif
bpt_pwd,"Hallo #sahabatjalancantik 
Pekerjaan Pengecatan Jembatan 
Balai Pengelolaan Jalan Wilayah Purwodadi.
#JatengLawanCorona
#bersamalawancorona
@ganjarpranowo

@TajYasinMZ

@provjateng

@dprdjatengprov

@humasjateng

@dpubmckjateng https://t.co/feuhVg0Nx5",0,0,netral
YosAditya61,@S4N_W1B1 @ganjarpranowo Sdh jelas ada nuansa politik...jungjungan sama jongosnya sama mmng kelakuannya...,0,1,positif
gun_mastercuan,@islah_bahrawi @ganjarpranowo @aniesbaswedan Hanya digolongan anda bahas ibadah haji orang lain gak jelas.,2,1,negatif
HugaryYate74872,Kecilnya planet ini membuat setiap konflik yang dilakukan oleh dua kelompok yang bermusuhan selalu memberi dampat bagi semua tatanan kehidupan yang ada di diplanet tersebut. #PrabowoNeruskePakdhe Prabowo Subianto #PrabowoMenjagaKerukunan,2,0,negatif
brendskienavarr,"matematika dan ilmu pasti alam, kimia, biologi, fisika. (Bidang) teknik ada teknik sipil dan sebagainya, kedokteran dan farmasi,"" jelasnya. #PrabowoNeruskePakdhe Prabowo Subianto",0,0,netral
karnatjahyana,"@Yattie2023 @santo91192 @baiki95 @DokterTifa @jokowi @aniesbaswedan Betul. 

Juga, cuma ikut2an, tanpa pernah mengecek dulu kebenarannya.",1,0,negatif
harrispradana_,Momen Menarik saat Gibran dan Prabowo Subianto Hadir Bersama dalam Acara Harlah PMII ke-63 di Solo https://t.co/9l2WwKSaGN #PrabowoNeruskePakdhe Prabowo Subianto,0,2,positif
bpt_pwd,"Hallo #sahabatjalancantik 
Pekerjaan Pemeliharaan Rutin Jalan dan Jembatan 
Balai Pengelolaan Jalan Wilayah Purwodadi.
#JatengLawanCorona
#bersamalawancorona
@ganjarpranowo

@TajYasinMZ

@provjateng

@dprdjatengprov

@humasjateng

@dpubmckjateng https://t.co/2ltM8Dd3te",0,0,netral
brendskienavarr,Kami diterima dengan sangat baik dalam kunjungan ini oleh Presiden RI Joko Widodo. #PrabowoNeruskePakdhe Prabowo Subianto,0,3,positif
68Supriyono,"@islah_bahrawi @ganjarpranowo @aniesbaswedan Sudah diberikan contoh bagaimana menjaga ukhuwah islamiah , mengedepankan rasa persaudaraan sesama anak bangsa dgn mengesampingkan persaingan politik oleh kedua capres . Tapi masih juga diotak-atik dgn narasi yg nggak penting . Seperti kurang kerjaan ...",4,4,netral
ghedebuscroot,@Lembayung071 @ganjarpranowo @prabowo Coba bun @Lembayung071 tanyain siapa CAPRES yg plng siap maju di pilpres 2024???,0,2,positif
JohnTia87843206,Dengerin ni NIS ğŸ˜‚. @aniesbaswedan CC @RagilSemar @Restty_cayah @marlina_idha @Mdy_Asmara1701 @musniumar @Tan_Mar3M @ekowboy2,0,0,netral
bokulos_,@Mdy_Asmara1701 Dari dulu jaman Pilgub DKI 2017 sudah biasa pendukung Anies Baswedan mah sebar Hoax jadi gak usah di larang toh kita/cebong gak akan percaya apa yg di posting kadrun,4,2,negatif
Abingsanca,@widarto63285827 @aniesbaswedan @LebakBulusInfo @__AnakKolong @Wo2_Anis_ORBA_ @BRidwan908 @musniumar @bachrum_achmadi @_RiuRizkiUtomo @NgkongRoses @j6rt9gw2hd @4Y4NKZ @triajaaa @K7_m0en Pak RT nya mungkin wakil tuhan.,0,0,netral
tetengmuma48221,"@islah_bahrawi @ganjarpranowo @aniesbaswedan Yg alumni Tokyo Daigaku dgn wajah rupawan yg tdk bosanÂ² mengontemplasinya.
 Alhamdulillah atas kesempatan yg dkberikaNya ini.",0,2,positif
brendskienavarr,"Nilai persisnya akan dicek, pokoknya yang akan ikut program kita sesuai dengan kurikulum kita dengan standar yang sudah kita tetapkan bersama anak-anak kita,"" ucapnya. #PrabowoNeruskePakdhe Prabowo Subianto",0,4,positif
irasetiawan1970,@Official_MNCTV @RCTIPlus Saya kenal dgn Pak Rtnya. Salah satu Tim sukses Anies Baswedan.,1,1,netral
BejoBack,@IndustriRiyad @__AnakKolong @__Bungs @aan_muba @AB_008_ @AbahDeon @abahiksan17 @ajies4ra @aniesbaswedan @Aryprasetyo85 @brother_djon @BlueNeo81 Yohanies  Rasyid Jemboet  Anus Buset EDAN ğŸ˜ğŸ˜ https://t.co/OGZhMU9puF,1,0,negatif
MansyurPardan,"Pengakuan Ketum Parpol...!! Kalau Dukung Anies Baswedan, Kami Akan Hilan... https://t.co/YGuZVfMpOI via @YouTube begitu takutnya kepada Anies segala cara keji dilakukan rejim?",1,2,positif
WAHYU_UNIFORM,"@S4N_W1B1 @ganjarpranowo Kurban itu dmn2 disambut riang gembira.... asal caranya normal2 saja

Tp klo sdh ada embel2 pesan politik,....
100% pasti tuai pro kontra https://t.co/N4TYOTEwv1",2,1,negatif
Sigiwarmada,@bwinarso99 @NasDem @aniesbaswedan @adityawilly Guru ngibul https://t.co/VgyGTAAg7C,0,0,netral
bpt_pwd,"Hallo #sahabatjalancantik 
Pekerjaan Pemeliharaan Rutin Jalan dan Jembatan 
Balai Pengelolaan Jalan Wilayah Purwodadi.
#JatengLawanCorona
#bersamalawancorona
@ganjarpranowo

@TajYasinMZ

@provjateng

@dprdjatengprov

@humasjateng

@dpubmckjateng https://t.co/V2LyZoo9Us",0,0,netral
brendskienavarr,Prabowo Beri Beasiswa 22 Pemuda Palestina Belajar di Unhan https://t.co/i0H95lLOKE #PrabowoNeruskePakdhe Prabowo Subianto,0,3,positif
harrispradana_,https://t.co/Cjf9YbRcls - Wali Kota Solo Gibran Rakabuming Raka dan Prabowo Subianto hadir dalam acara Harlah ke-63 PMII. #PrabowoNeruskePakdhe Prabowo Subianto,0,0,netral
waisdong_ah,@DokterTifa @jokowi @aniesbaswedan Inikan pendapat kamu. Gak pernah tuh @aniesbaswedan punya perasaan spt tulisan kamu. Orang2 bijak gak akan menepuk dada mreka,2,2,netral
pikiran_rakyat,"Viral PDI-P Unggah Foto Ganjar Pranowo Ibadah Haji, Netizen: Foto Anies Baswedan Dipotong? #PikiranRakyat https://t.co/ueCkxinMMF",0,1,positif
brojong20,@ariefbudiawan7 @CNNIndonesia @jokowi @prabowo @ganjarpranowo @aniesbaswedan Semua negara juga begitu block ğŸ¤£ğŸ¤¡,0,0,netral
Harumiii_kn,â€œIndikasi kuat kalau endorsement Pak Jokowi itu ke Prabowo-Erick. Kalau Pak Prabowo itu kan jatah presiden statement di ulang tahun Perindo.â€ Â #PrabowoNeruskePakdhe Prabowo Subianto,0,1,positif
fear37030,"@ch_chotimah2 Duh ini orang ga pernah ngaca, sa'ban hari hina Anies Baswedan",2,0,negatif
iina_surbakti,"Wilayahnya Ganjar Pranowo serap dana desa tertinggi nasional yaitu 54,54% https://t.co/u6abOMIrgd",0,0,netral
OmpungGuru,"@EdiArif96983478 @ganjarpranowo @newIding30 @ch_chotimah2 @FirzaHusainID @SokaJati @_Dauph1ne_ @sami86pilang @21KSSHINERICH Hanya Pak @ganjarpranowo yang pantas melanjutkan program Pak @jokowi 
Gaspoll âœŠâœŠğŸ‡®ğŸ‡©ğŸ‡®ğŸ‡©
#GanjarPranowo 
#GanjarUntukSemua",1,1,netral
sarah_enjeuLL,"@Ch1ke1 @Brebestone2 @aniesbaswedan Hahahahaha goblok kok lu borongJing

Maka nya tabayunJing biar otak mu ga gagal pahamğŸ˜„ğŸ˜‹",4,0,negatif
brendskienavarr,"Diketahui, kerja sama ini merupakan tindak lanjut dari kunjungan Perdana Menteri (PM) Palestina Mohammed Ibrahim Shtayyeh di Kementerian Pertahanan RI, Jakarta Pusat, akhir tahun lalu. #PrabowoNeruskePakdhe Prabowo Subianto",0,1,positif
0512Vip,"Pak @aniesbaswedan ,, mohon dengan sangat, amat sekali,, mohon video perbuncangan dengan Raja Salman diupload juga. Biar netizen,, baik yg dukung sampeyan n yg gga dukung bisa liat langsung,, bahwa p @aniesbaswedan adalah tamu istimewa King Salman.

Banyak bredar video editan pak",0,6,positif
gusdureen,"@islah_bahrawi @ganjarpranowo @aniesbaswedan Pesanku cuma satu, kalau lagi ibadah jangan nonton dulu ya.. ğŸ˜",2,1,negatif
Sgm_mks,"@wil_ws_ @ganjarpranowo Siap Gaspol ğŸ¤ŸğŸ¤ŸğŸ¤Ÿ

#GanjarUntukSemua
#GanjarPilihanRakyat
#PDIPerjuangan 
#SahabatBantengIndonesia",0,1,positif
Sigiwarmada,@RMTHandoko @NasDem @aniesbaswedan @adityawilly Guru ngibul,0,0,netral
Wo2_Anis_ORBA_,@widarto63285827 @aniesbaswedan @LebakBulusInfo @__AnakKolong @BRidwan908 @musniumar @bachrum_achmadi @_RiuRizkiUtomo @NgkongRoses @j6rt9gw2hd @4Y4NKZ @triajaaa @K7_m0en Aneh knp ditolak,2,0,negatif
harrispradana_,"""Terima kasih saya ingin pamit, Mas Wali saya mohon pamit."" kata Prabowo. #PrabowoNeruskePakdhe Prabowo Subianto",0,1,positif
Harumiii_kn,"""Prabowo-Erick nggak pernah tolak Israel untuk berlaga di Piala Dunia U-20 kemarin yang akhirnya batal digelar di Indonesia.â€ Â #PrabowoNeruskePakdhe Prabowo Subianto",3,0,negatif
fachriman13,"Prabowo menjelaskan, pelajar Palestina yang mendapatkan kesempatan belajar di Universitas Pertahanan akan mendapatkan beasiswa penuh yang mencakup biaya hidup selama di Indonesia. #PrabowoNeruskePakdhe Prabowo Subianto",0,4,positif
Vigriawan_van,"@Lembayung071 @ganjarpranowo @prabowo Gmna bunda klu gw dukung 

Pbowo-Gibran/jokowi

         Vs

Ganjar-Anies

pasti bunda 'bahagia"" kan..

aku bakal ditransfer ga bund",1,1,netral
0512Vip,"@Fita_Shanty Ada cuplikan comotan potongan video yg sama dg yg disebarÂ²in ggak??

Yg dikompilasi dg video ucapan @aniesbaswedan ttg diundang Raja Salman,,

ğŸ˜",0,0,netral
fachriman13,Mereka kemudian menempuh pendidikan di berbagai bidang di Unhan. #PrabowoNeruskePakdhe Prabowo Subianto,0,0,netral
Harumiii_kn,"â€œArtinya peran Pak Erick Thohir dalam memajukan persepakbolaan Indonesia itu sudah kelihatan kinerjanya, padahal baru terpilih beberapa bulan lalu.â€ Â #PrabowoNeruskePakdhe Prabowo Subianto",1,2,positif
abi_furniture1,"@dwioktariyadi @alextham878 @Gus_Raharjo @ganjarpranowo @pn7l7h Ngono,siap tambah mencerahkan meneh",0,1,positif
Harumiii_kn,"Selain berkinerja moncer, Igor menuturkan alasan adanya sinyal dukungan Jokowi kepada Prabowo-Erick karena keduanya memiliki elektabilitas yang tinggi. Â #PrabowoNeruskePakdhe Prabowo Subianto",0,1,positif
bpt_pwd,"Hallo #sahabatjalancantik 
Pekerjaan Pengecatan Jembatan 
Balai Pengelolaan Jalan Wilayah Purwodadi.
#JatengLawanCorona
#bersamalawancorona
@ganjarpranowo

@TajYasinMZ

@provjateng

@dprdjatengprov

@humasjateng

@dpubmckjateng https://t.co/XkdUzJTQ5Q",0,0,netral
brendskienavarr,"Nantinya, Unhan dan pemerintah Palestina akan melakukan seleksi untuk menjaring 22 siswa dan siswi beruntung penerima beasiswa. Program studi yang ditawarkan mulai dari teknik sipil, kedokteran, hingga rumpun MIPA. #PrabowoNeruskePakdhe Prabowo Subianto",0,3,positif
